{
  "intra_correctness": [
    1.0,
    1.0,
    1.0,
    0.75,
    1.0,
    0.75,
    1.0,
    0.75,
    1.0,
    1.0,
    0.75,
    1.0,
    0.5,
    0.75,
    0.75,
    1.0,
    0.75,
    1.0,
    1.0,
    1.0,
    1.0,
    0.94,
    1.0,
    0.94,
    1.0,
    0.75,
    1.0
  ],
  "inter_correctness": [
    1.0,
    0.0,
    0.75,
    0.83,
    0.75,
    0.75,
    0.75,
    1.0,
    0.75,
    0.75,
    0.75,
    0.25,
    0.5,
    0.75,
    0.75,
    0.75,
    0.75,
    0.25,
    0.75,
    0.75,
    0.75,
    0.75,
    0.75,
    0.75,
    0.75,
    0.75
  ],
  "informativeness": [
    0.75,
    0.25,
    0.75,
    0.5,
    0.75,
    0.75,
    0.75,
    0.5,
    0.75,
    0.75,
    0.75,
    0.75,
    0.75,
    0.75,
    1.0,
    0.5,
    0.75,
    0.5,
    0.75,
    0.75,
    0.75,
    0.75,
    0.75,
    0.75,
    0.5,
    0.5
  ],
  "min_intra_correctness": 0.5,
  "min_inter_correctness": 0.0,
  "min_informativeness": 0.25,
  "avg_intra_correctness": 0.9029629629629631,
  "avg_inter_correctness": 0.6953846153846153,
  "avg_informativeness": 0.6826923076923077
}