{
  "intra_correctness": [
    1.0,
    0.94,
    1.0,
    0.75,
    1.0,
    0.75,
    0.75,
    0.75,
    1.0,
    1.0,
    0.75,
    0.94,
    0.75,
    0.75,
    1.0,
    0.94,
    1.0,
    0.75,
    0.75,
    0.75,
    1.0,
    0.94,
    1.0,
    0.75,
    1.0,
    0.75,
    1.0,
    1.0,
    1.0,
    1.0,
    1.0,
    1.0,
    0.75,
    1.0,
    0.75
  ],
  "inter_correctness": [
    0.83,
    0.75,
    0.75,
    0.83,
    0.75,
    0.75,
    0.25,
    0.75,
    0.5,
    0.75,
    0.75,
    0.75,
    0.75,
    0.75,
    0.75,
    0.75,
    0.25,
    0.75,
    0.75,
    0.75,
    0.75,
    0.75,
    0.75,
    0.75,
    0.75,
    0.75,
    0.75,
    0.75,
    0.75,
    0.75,
    0.75,
    0.75,
    0.5,
    0.25
  ],
  "informativeness": [
    0.75,
    0.75,
    0.75,
    0.5,
    0.5,
    0.5,
    0.25,
    0.5,
    0.75,
    0.75,
    0.75,
    0.75,
    0.75,
    0.75,
    0.75,
    0.25,
    0.75,
    0.75,
    0.75,
    0.5,
    1.0,
    0.75,
    0.75,
    0.75,
    0.75,
    0.75,
    0.75,
    0.75,
    0.5,
    0.5,
    0.75,
    0.75,
    0.25,
    0.75
  ],
  "min_intra_correctness": 0.75,
  "min_inter_correctness": 0.25,
  "min_informativeness": 0.25,
  "avg_intra_correctness": 0.8931428571428572,
  "avg_inter_correctness": 0.6958823529411765,
  "avg_informativeness": 0.6617647058823529
}