{
  "intra_correctness": [
    1.0,
    1.0,
    0.75,
    1.0,
    0.75,
    1.0,
    1.0,
    1.0,
    1.0,
    0.75,
    1.0,
    0.75,
    1.0,
    1.0,
    1.0,
    1.0,
    1.0,
    0.75,
    1.0,
    1.0,
    1.0,
    1.0,
    1.0,
    1.0,
    1.0,
    0.75,
    1.0
  ],
  "inter_correctness": [
    1.0,
    0.0,
    0.75,
    0.75,
    0.75,
    0.75,
    0.75,
    0.25,
    0.5,
    0.75,
    0.25,
    0.75,
    1.0,
    0.25,
    0.75,
    0.75,
    0.75,
    0.75,
    0.75,
    0.25,
    0.75,
    0.25,
    0.0,
    0.5,
    0.25,
    0.25
  ],
  "informativeness": [
    0.75,
    0.25,
    0.75,
    0.75,
    0.75,
    0.75,
    0.75,
    0.75,
    0.75,
    0.25,
    0.5,
    0.75,
    0.75,
    0.25,
    0.75,
    0.25,
    0.75,
    0.75,
    0.75,
    0.25,
    0.75,
    0.25,
    0.25,
    0.75,
    0.25,
    0.25
  ],
  "min_intra_correctness": 0.75,
  "min_inter_correctness": 0.0,
  "min_informativeness": 0.25,
  "avg_intra_correctness": 0.9444444444444444,
  "avg_inter_correctness": 0.5576923076923077,
  "avg_informativeness": 0.5673076923076923
}