{
  "intra_correctness": [
    1.0,
    1.0,
    1.0,
    1.0,
    1.0,
    1.0,
    1.0,
    0.75,
    1.0,
    1.0,
    1.0,
    1.0,
    0.75,
    0.75,
    1.0,
    0.75,
    0.75,
    1.0,
    0.75,
    0.75,
    1.0,
    1.0,
    1.0,
    1.0,
    0.75,
    1.0,
    0.75,
    1.0,
    1.0,
    0.75,
    1.0,
    1.0,
    0.75,
    1.0,
    1.0,
    1.0,
    0.75,
    1.0,
    0.75,
    0.75,
    0.75,
    1.0,
    0.94,
    1.0,
    0.75,
    1.0,
    0.75,
    1.0,
    0.75,
    0.75,
    1.0,
    1.0,
    1.0
  ],
  "inter_correctness": [
    1.0,
    0.5,
    0.75,
    0.75,
    1.0,
    0.75,
    0.75,
    1.0,
    0.75,
    1.0,
    0.25,
    0.5,
    0.75,
    0.75,
    0.75,
    0.75,
    0.75,
    0.75,
    0.25,
    0.75,
    0.75,
    0.75,
    0.75,
    0.75,
    0.75,
    0.5,
    0.75,
    0.75,
    0.75,
    0.25,
    0.25,
    0.75,
    0.75,
    0.75,
    1.0,
    0.75,
    0.75,
    0.75,
    0.75,
    0.75,
    0.75,
    0.75,
    0.75,
    0.75,
    0.75,
    0.75,
    0.25,
    0.75,
    0.75,
    0.25,
    0.25,
    0.75
  ],
  "informativeness": [
    1.0,
    0.5,
    0.5,
    0.75,
    0.5,
    0.25,
    0.75,
    0.25,
    0.75,
    0.25,
    0.5,
    0.5,
    0.5,
    0.75,
    0.75,
    0.5,
    0.75,
    0.75,
    0.75,
    0.75,
    0.75,
    0.75,
    0.75,
    0.25,
    0.75,
    0.5,
    0.75,
    0.25,
    0.5,
    0.25,
    0.75,
    0.5,
    0.5,
    0.75,
    0.75,
    0.75,
    0.75,
    0.5,
    0.5,
    0.25,
    0.75,
    0.5,
    0.5,
    0.75,
    0.75,
    0.25,
    0.0,
    0.75,
    0.75,
    0.25,
    0.25,
    0.25
  ],
  "min_intra_correctness": 0.75,
  "min_inter_correctness": 0.25,
  "min_informativeness": 0.0,
  "avg_intra_correctness": 0.9092452830188679,
  "avg_inter_correctness": 0.6923076923076923,
  "avg_informativeness": 0.5625
}