{
  "intra_correctness": [
    0.94,
    0.75,
    0.75,
    0.75,
    1.0,
    0.75,
    0.94,
    1.0,
    1.0,
    1.0,
    1.0,
    1.0,
    0.75,
    1.0,
    1.0,
    1.0,
    1.0
  ],
  "inter_correctness": [
    0.75,
    0.75,
    0.75,
    0.75,
    0.75,
    0.75,
    0.75,
    0.75,
    0.75,
    0.75,
    0.5,
    0.75,
    0.0,
    0.75,
    0.75,
    0.5
  ],
  "informativeness": [
    0.75,
    0.75,
    0.75,
    0.75,
    0.75,
    0.75,
    0.75,
    0.75,
    0.75,
    0.25,
    0.75,
    0.75,
    0.25,
    0.75,
    0.25,
    0.75
  ],
  "min_intra_correctness": 0.75,
  "min_inter_correctness": 0.0,
  "min_informativeness": 0.25,
  "avg_intra_correctness": 0.9194117647058823,
  "avg_inter_correctness": 0.671875,
  "avg_informativeness": 0.65625
}