{
  "intra_correctness": [
    0.94,
    1.0,
    1.0,
    1.0,
    1.0,
    0.75,
    0.75,
    1.0,
    0.75,
    0.75,
    1.0,
    1.0,
    0.75,
    1.0,
    0.75,
    0.75,
    1.0,
    0.75,
    1.0,
    0.75,
    0.75,
    1.0,
    0.94,
    0.75,
    1.0,
    1.0,
    1.0
  ],
  "inter_correctness": [
    1.0,
    0.25,
    1.0,
    1.0,
    0.75,
    0.75,
    1.0,
    0.75,
    0.75,
    0.75,
    0.75,
    1.0,
    0.75,
    0.75,
    0.75,
    0.75,
    0.75,
    0.75,
    1.0,
    0.25,
    0.25,
    0.75,
    0.75,
    0.25,
    0.75,
    0.25
  ],
  "informativeness": [
    0.75,
    0.25,
    0.75,
    0.75,
    0.5,
    0.75,
    0.75,
    0.5,
    0.75,
    0.25,
    0.75,
    0.75,
    0.5,
    0.75,
    0.75,
    0.75,
    0.75,
    0.5,
    0.75,
    0.75,
    0.0,
    0.75,
    0.25,
    0.25,
    0.25,
    0.75
  ],
  "min_intra_correctness": 0.75,
  "min_inter_correctness": 0.25,
  "min_informativeness": 0.0,
  "avg_intra_correctness": 0.8937037037037037,
  "avg_inter_correctness": 0.7115384615384616,
  "avg_informativeness": 0.5865384615384616
}