{
  "intra_correctness": [
    1.0,
    0.75,
    0.75,
    0.75,
    0.75,
    1.0,
    1.0,
    1.0,
    1.0,
    1.0,
    1.0,
    1.0,
    1.0,
    1.0,
    1.0,
    1.0,
    0.75,
    0.75,
    0.75,
    1.0,
    0.75,
    0.75,
    1.0,
    1.0,
    1.0,
    0.75,
    0.75,
    0.75,
    1.0,
    1.0,
    1.0,
    1.0,
    1.0,
    0.75,
    1.0,
    1.0,
    1.0,
    1.0,
    1.0,
    1.0,
    1.0,
    0.75,
    0.75,
    1.0,
    1.0,
    1.0,
    1.0,
    1.0,
    1.0,
    1.0,
    1.0,
    0.75,
    1.0,
    1.0,
    1.0,
    1.0,
    1.0,
    1.0,
    1.0,
    1.0,
    0.75
  ],
  "inter_correctness": [
    0.75,
    0.25,
    0.75,
    0.75,
    0.75,
    0.75,
    1.0,
    0.25,
    1.0,
    0.75,
    0.75,
    0.75,
    0.75,
    0.75,
    0.5,
    0.75,
    0.75,
    0.75,
    0.25,
    0.75,
    0.75,
    0.75,
    0.75,
    0.75,
    0.75,
    0.75,
    0.5,
    0.75,
    0.75,
    1.0,
    0.5,
    0.75,
    0.75,
    0.75,
    0.75,
    0.5,
    0.25,
    0.75,
    0.75,
    0.75,
    0.75,
    0.75,
    0.75,
    0.5,
    0.75,
    0.75,
    0.25,
    0.75,
    1.0,
    0.75,
    0.5,
    0.75,
    0.25,
    0.25,
    0.25,
    0.75,
    0.75,
    0.25,
    0.25,
    0.5
  ],
  "informativeness": [
    0.75,
    0.5,
    0.75,
    0.5,
    0.5,
    0.75,
    0.75,
    0.75,
    0.75,
    0.25,
    0.75,
    0.75,
    0.75,
    0.75,
    0.75,
    0.25,
    0.75,
    0.5,
    0.5,
    0.75,
    0.75,
    0.5,
    0.75,
    0.5,
    0.5,
    0.5,
    0.5,
    0.5,
    0.5,
    0.5,
    0.5,
    0.25,
    0.5,
    0.5,
    0.75,
    0.5,
    0.5,
    0.25,
    0.5,
    0.25,
    0.75,
    0.5,
    0.5,
    0.5,
    0.75,
    0.5,
    0.25,
    0.75,
    0.75,
    0.25,
    0.5,
    0.0,
    0.75,
    0.25,
    0.25,
    0.75,
    0.75,
    0.25,
    0.0,
    0.25
  ],
  "min_intra_correctness": 0.75,
  "min_inter_correctness": 0.25,
  "min_informativeness": 0.0,
  "avg_intra_correctness": 0.930327868852459,
  "avg_inter_correctness": 0.6541666666666667,
  "avg_informativeness": 0.5333333333333333
}