{
  "intra_correctness": [
    1.0,
    1.0,
    1.0,
    0.75,
    1.0,
    0.75,
    1.0,
    0.75,
    1.0,
    0.75,
    1.0,
    1.0,
    1.0,
    0.94,
    1.0,
    1.0,
    1.0,
    0.75,
    1.0,
    1.0,
    1.0,
    0.75,
    0.75,
    0.75,
    0.94,
    1.0,
    0.75,
    0.75,
    0.75,
    1.0,
    1.0,
    0.94,
    0.75,
    1.0,
    0.75,
    0.75,
    0.75,
    0.75,
    0.94,
    1.0,
    0.75,
    1.0,
    0.94,
    1.0,
    0.75,
    0.75,
    0.75,
    1.0,
    1.0,
    0.75,
    0.75,
    1.0,
    0.75,
    1.0,
    0.75,
    1.0,
    1.0,
    1.0,
    0.75
  ],
  "inter_correctness": [
    1.0,
    0.75,
    0.75,
    0.75,
    0.75,
    0.75,
    0.75,
    0.25,
    0.75,
    1.0,
    0.75,
    0.75,
    1.0,
    0.75,
    0.75,
    0.5,
    0.75,
    0.25,
    1.0,
    0.25,
    0.25,
    0.75,
    0.75,
    0.83,
    0.75,
    0.75,
    0.75,
    0.75,
    0.75,
    0.75,
    1.0,
    0.75,
    0.75,
    0.75,
    0.75,
    0.75,
    0.75,
    0.75,
    0.75,
    0.75,
    0.75,
    1.0,
    0.75,
    0.5,
    0.75,
    0.75,
    0.75,
    0.75,
    0.75,
    0.75,
    0.75,
    0.75,
    0.75,
    0.25,
    0.25,
    0.75,
    0.0,
    0.75
  ],
  "informativeness": [
    0.75,
    0.25,
    0.75,
    0.75,
    0.75,
    0.5,
    0.75,
    0.75,
    0.75,
    0.25,
    0.5,
    0.75,
    0.75,
    0.5,
    0.5,
    0.5,
    0.75,
    0.25,
    0.75,
    0.75,
    0.75,
    0.75,
    0.75,
    0.75,
    0.75,
    0.75,
    0.75,
    0.25,
    0.75,
    0.75,
    0.75,
    0.5,
    0.5,
    0.75,
    0.75,
    0.5,
    0.75,
    0.5,
    0.75,
    0.5,
    0.75,
    0.5,
    0.5,
    0.75,
    0.75,
    0.5,
    0.25,
    0.75,
    0.75,
    0.25,
    0.75,
    0.5,
    0.75,
    0.75,
    0.0,
    0.75,
    0.25,
    0.25
  ],
  "min_intra_correctness": 0.75,
  "min_inter_correctness": 0.0,
  "min_informativeness": 0.0,
  "avg_intra_correctness": 0.8889830508474575,
  "avg_inter_correctness": 0.7039655172413792,
  "avg_informativeness": 0.6077586206896551
}