{
  "intra_correctness": [
    1.0,
    1.0,
    1.0,
    1.0,
    1.0,
    0.75,
    1.0,
    1.0,
    1.0,
    1.0,
    0.75,
    1.0,
    1.0,
    0.75,
    0.75,
    0.75,
    1.0,
    1.0,
    0.75,
    1.0,
    0.75,
    1.0,
    0.75,
    1.0,
    0.75,
    1.0,
    1.0,
    0.75,
    1.0,
    1.0,
    0.75,
    1.0,
    0.75,
    1.0,
    1.0,
    1.0,
    1.0,
    1.0,
    1.0,
    1.0,
    1.0,
    1.0,
    0.75,
    0.75,
    1.0,
    1.0,
    1.0,
    1.0,
    0.75,
    0.94,
    1.0,
    0.75,
    1.0,
    0.94,
    1.0,
    1.0,
    1.0,
    0.75,
    1.0,
    1.0,
    0.75,
    1.0,
    0.75
  ],
  "inter_correctness": [
    0.83,
    0.75,
    1.0,
    0.75,
    0.75,
    0.25,
    0.75,
    0.75,
    1.0,
    0.75,
    0.75,
    0.75,
    0.75,
    0.75,
    0.5,
    0.75,
    0.75,
    0.75,
    0.75,
    0.5,
    0.75,
    0.75,
    0.75,
    0.75,
    0.75,
    0.75,
    0.75,
    1.0,
    0.5,
    0.75,
    0.75,
    0.75,
    0.75,
    0.75,
    0.75,
    0.75,
    0.75,
    0.75,
    0.75,
    0.75,
    0.75,
    0.75,
    0.75,
    0.75,
    0.25,
    0.75,
    0.75,
    0.75,
    0.75,
    0.75,
    0.75,
    0.25,
    0.75,
    0.83,
    0.75,
    0.75,
    0.25,
    0.75,
    1.0,
    0.25,
    0.25,
    0.5
  ],
  "informativeness": [
    0.75,
    0.75,
    0.5,
    0.75,
    0.75,
    0.5,
    0.25,
    0.25,
    0.75,
    0.75,
    0.75,
    0.5,
    0.5,
    0.75,
    0.5,
    0.75,
    0.75,
    0.75,
    0.75,
    0.25,
    0.25,
    0.25,
    0.5,
    0.25,
    0.25,
    0.25,
    0.75,
    0.75,
    0.5,
    0.25,
    0.75,
    0.25,
    0.75,
    0.25,
    0.75,
    0.5,
    0.75,
    0.25,
    0.75,
    0.25,
    0.5,
    0.25,
    0.75,
    0.5,
    0.5,
    0.5,
    0.5,
    0.75,
    0.75,
    0.5,
    0.75,
    0.25,
    0.75,
    0.25,
    0.5,
    0.25,
    0.75,
    0.5,
    0.5,
    0.75,
    0.0,
    0.25
  ],
  "min_intra_correctness": 0.75,
  "min_inter_correctness": 0.25,
  "min_informativeness": 0.0,
  "avg_intra_correctness": 0.9226984126984126,
  "avg_inter_correctness": 0.7041935483870967,
  "avg_informativeness": 0.5241935483870968
}