{
  "intra_correctness": [
    1.0,
    0.75,
    0.75,
    1.0,
    1.0,
    1.0,
    1.0,
    0.75,
    1.0,
    0.75,
    1.0,
    1.0,
    1.0,
    1.0,
    0.75,
    0.75,
    1.0,
    1.0,
    1.0
  ],
  "inter_correctness": [
    0.83,
    0.75,
    0.75,
    1.0,
    0.75,
    0.25,
    0.75,
    0.75,
    0.75,
    0.75,
    1.0,
    0.75,
    0.25,
    0.75,
    0.75,
    0.5,
    0.75,
    0.25
  ],
  "informativeness": [
    0.25,
    0.75,
    0.75,
    0.75,
    0.75,
    0.75,
    0.75,
    0.5,
    0.75,
    0.75,
    0.5,
    0.75,
    0.25,
    0.75,
    0.75,
    0.25,
    0.25,
    0.5
  ],
  "min_intra_correctness": 0.75,
  "min_inter_correctness": 0.25,
  "min_informativeness": 0.25,
  "avg_intra_correctness": 0.9210526315789473,
  "avg_inter_correctness": 0.685,
  "avg_informativeness": 0.5972222222222222
}