{
  "intra_correctness": [
    1.0,
    1.0,
    1.0,
    0.75,
    1.0,
    1.0,
    0.75,
    0.75,
    1.0,
    1.0,
    1.0,
    1.0,
    1.0,
    0.75,
    1.0,
    1.0,
    1.0,
    0.94,
    0.75,
    1.0,
    1.0,
    1.0,
    0.75,
    0.75,
    1.0,
    1.0,
    1.0
  ],
  "inter_correctness": [
    1.0,
    0.25,
    0.75,
    0.75,
    0.75,
    0.75,
    0.75,
    0.75,
    0.75,
    0.5,
    1.0,
    0.75,
    0.75,
    0.25,
    1.0,
    0.75,
    0.5,
    0.75,
    0.25,
    0.75,
    0.25,
    0.75,
    0.75,
    0.25,
    0.75,
    0.25
  ],
  "informativeness": [
    0.75,
    0.25,
    0.75,
    0.75,
    0.75,
    0.75,
    0.75,
    0.75,
    0.75,
    0.25,
    0.75,
    0.75,
    0.75,
    0.75,
    0.5,
    0.75,
    0.75,
    0.75,
    0.5,
    0.25,
    0.25,
    0.75,
    0.75,
    0.25,
    0.25,
    0.75
  ],
  "min_intra_correctness": 0.75,
  "min_inter_correctness": 0.25,
  "min_informativeness": 0.25,
  "avg_intra_correctness": 0.932962962962963,
  "avg_inter_correctness": 0.6442307692307693,
  "avg_informativeness": 0.6153846153846154
}