{
  "intra_correctness": [
    1.0,
    1.0,
    1.0,
    0.75,
    1.0,
    1.0,
    1.0,
    0.75,
    0.75,
    0.75,
    1.0,
    0.75,
    1.0,
    1.0,
    1.0,
    1.0,
    1.0,
    1.0,
    0.94,
    1.0,
    1.0,
    1.0,
    1.0,
    1.0,
    0.75,
    1.0,
    1.0,
    1.0,
    1.0,
    1.0,
    0.75
  ],
  "inter_correctness": [
    1.0,
    0.25,
    0.75,
    0.75,
    0.75,
    0.75,
    0.75,
    0.75,
    0.75,
    0.75,
    0.75,
    0.75,
    0.75,
    0.75,
    1.0,
    0.75,
    0.75,
    0.75,
    0.75,
    0.75,
    0.75,
    0.25,
    0.75,
    0.25,
    0.75,
    0.25,
    0.75,
    0.75,
    0.5,
    0.0
  ],
  "informativeness": [
    0.75,
    0.25,
    0.5,
    0.75,
    0.75,
    0.5,
    0.5,
    0.75,
    0.75,
    0.5,
    0.5,
    0.75,
    0.75,
    0.75,
    0.75,
    0.75,
    0.75,
    0.75,
    0.75,
    0.5,
    0.75,
    0.25,
    0.25,
    0.75,
    0.75,
    0.25,
    0.5,
    0.25,
    0.25,
    0.75
  ],
  "min_intra_correctness": 0.75,
  "min_inter_correctness": 0.0,
  "min_informativeness": 0.25,
  "avg_intra_correctness": 0.9416129032258065,
  "avg_inter_correctness": 0.6666666666666666,
  "avg_informativeness": 0.5916666666666667
}